833033438110347267, Elevate_Mike 
828705880858320900, WengerzMen 
828463042685976576, kashimaka 
828423218734198784, tacoburns15 
828646373809647616, DiscombobPotato 
828442431410601985, TailsPrower07 
828542096978169857, aukkuuu 
828449787473252352, alexrievman 
828362472302211073, Lilypeacockx 
828685963660509185, itsme_aakanksha 
829786363230707712, DaddyAntichrist 
828209788353908739, firstnamedaniel 
828517635369295874, _based_alex_ 
828428828632420352, 404joynotfound 
829385002043527178, br0kengirll 
828368769634488324, ahoy_its_bailey 
827761504468471808, susielime 
828859875073605632, puzzlejpg 
828421434762461189, chinji 
842173707699257348, 3rdWaveJesus 
842362336715268097, robouno_potato 
828465385800421376, ghostkeepr 
828694115026092039, truman_wajki 
828677533495414784, bloodharvst 
828459217774313472, xAlpz 
828711757208248320, frecklesrh 
828435910102548481, skywalkerisgay 
842285628280696832, lestwr 
828514191338258432, cockydahomomc 
828651569654607872, jaespumpkin 
842476948609732608, frida394 
828439680307716096, jxrleigh 
842512210559713282, ArGedeon 
799972077579206656, Wasted94 
828699063931564032, PhilthyPhrank_ 
829359687221014529, beginvinyI 
828410328241274881, cypherrkth 
828792898929975296, ariasagirl 
828699228176314369, katyfaise 
826855931493416960, wakeupfine 
828408607658147841, nug_Whisperer 
828444349079965697, _MosesV2 
828097727397498881, CleanCalf 
828601212681469953, TamagoCosplay 
828611608108789760, GiiKardash 
828618672126074880, AnMei14
828605918057226241, AnthoWilliamz 
828444447809687555, heterotae 
828822062894563328, truwce 
828405394116579329, Nwks_Goonie 
829128522992058369, Doddaad 
829133672834019329, elisam_920 
829133818447724545, PlatypiParty 
829133874236121088, garrant_ryan 
829134399950168064, IvoneBarajas 
829134426823127040, rd_christianity 
829134438252556288, ninjabrians 
829129157405720576, castanedasandr3 
829129261629964290, MascheranoStats 
829129360313565186, uItrasluts 
829129362578354176, Alexantdra 
829129386276302848, hypezaddy 
829129393683517444, GxFxFx 
829129451799793666, cigarthoe 
829129536533065732, tribecalledquis 
829129585103089665, pIanetarygoth 
829128479195197446, ladsaImighty 
